Type,Filter,TRUTH.TOTAL,TRUTH.TP,TRUTH.FN,QUERY.TOTAL,QUERY.FP,QUERY.UNK,FP.gt,METRIC.Recall,METRIC.Precision,METRIC.Frac_NA,METRIC.F1_Score,TRUTH.TOTAL.TiTv_ratio,QUERY.TOTAL.TiTv_ratio,TRUTH.TOTAL.het_hom_ratio,QUERY.TOTAL.het_hom_ratio
INDEL,ALL,3620,3398,222,945337,184,941500,38,0.938674,0.952046,0.995941,0.945313,,,1.42025862069,1.92721600422
INDEL,PASS,3620,3398,222,945337,184,941500,38,0.938674,0.952046,0.995941,0.945313,,,1.42025862069,1.92721600422
SNP,ALL,17582,16824,758,3975564,911,3957950,73,0.956888,0.94828,0.995569,0.952564,2.35648854962,1.94744924353,1.42255659856,1.73840582207
SNP,PASS,17582,16824,758,3975564,911,3957950,73,0.956888,0.94828,0.995569,0.952564,2.35648854962,1.94744924353,1.42255659856,1.73840582207
